{
    "$schema": "http://schema.management.azure.com/schemas/2015-01-01/deploymentTemplate.json#",
    "contentVersion": "1.0.0.0",
    "parameters": {
        "FunctionName": {
            "defaultValue": "StorageAcctIngestionV2",
            "type": "string",
            "minLength": 1,
            "maxLength": 30
        },
        "AzureBlobStorageContainerName": {
            "type": "string",
            "metadata": {
			"description": "Specifies Azure BlobStorage ContainerName"
			}
        },
        "AzureBlobStorageConnectionString": {
            "type": "securestring",
            "metadata": {
			"description": "Specifies Azure BlobStorage ConnectionString"
			}
        },		
        "MicrosoftSentinelWorkspaceId": {
            "type": "string",
            "metadata": {
			"description": "Specifies the Log Analytics Workspace Id."
			}
        },
        "MicrosoftSentinelSharedKey": {
            "type": "securestring",
            "metadata": {
			"description": "Specifies the Log Analytics Workspace Key."
			}
        },
        "SimultaneouslyProcessingFiles": {
            "type": "int",
            "defaultValue": 20,
            "metadata": {
                "description": "Defines how many files can be processed simultaneously. Higher value means higher processing speed and higher memory consumption. If log files are bigger than 50 Mb, it is recommended to use value not higher than 20. If files are smaller, value can be higher."
            }
        },
        "EventsBucketSize": {
            "type": "int",
            "defaultValue": 2000,
            "metadata": {
                "description": "Defines max number of events that can be sent in one request to Microsoft Sentinel. Higher value means higher processing speed and higher memory consumption."
            }
        },
		"CustomTableName": {
            "type": "string",            
            "metadata": {
                "description": "Specifies Azure LogAnaltyics Workspace Table Name"
            }
        },		
		"FunctionSchedule": {
		  "type": "string",
		  "defaultValue": "0 */10 * * * *",
		  "metadata": {
			"description": "For a `TimerTrigger` to work, you provide a schedule in the form of a [cron expression](https://en.wikipedia.org/wiki/Cron#CRON_expression)(See the link for full details). A cron expression is a string with 6 separate expressions which represent a given schedule via patterns. The pattern we use to represent every 1 hour is `0 0 * * * *`. This, in plain text, means: When seconds is equal to 0, minutes is divisible by 5, for any hour, day of the month, month, day of the week, or year"
		  }
		}
    },
    "variables": {
        "FunctionName": "[concat(toLower(parameters('FunctionName')), uniqueString(resourceGroup().id))]",
		"StorageAccountName":"[concat(substring(variables('FunctionName'), 0, 20), 'sa')]",
        "StorageSuffix": "[environment().suffixes.storage]",
        "LogAnaltyicsUri": "[replace(environment().portal, 'https://portal', concat('https://', toLower(parameters('MicrosoftSentinelWorkspaceId')), '.ods.opinsights'))]"
    },
    "resources": [
        {
            "type": "Microsoft.Insights/components",
            "apiVersion": "2015-05-01",
            "name": "[variables('FunctionName')]",
            "location": "[resourceGroup().location]",
            "kind": "web",
            "properties": {
                "Application_Type": "web",
                "ApplicationId": "[variables('FunctionName')]"
            }
        },        
		{
			"name": "[tolower(variables('StorageAccountName'))]",
			"type": "Microsoft.Storage/storageAccounts",
			"apiVersion": "2022-05-01",
			"location": "[resourceGroup().location]",
			"properties": {
				"accessTier": "Hot",
				"minimumTlsVersion": "TLS1_2",
				"supportsHttpsTrafficOnly": "true",
				"publicNetworkAccess": "Disabled",
				"allowBlobPublicAccess": "false",
				"allowSharedKeyAccess": "true",
				"allowCrossTenantReplication": "true",
				"defaultToOAuthAuthentication": "false",
				"networkAcls": {
					"bypass": "AzureServices",
					"defaultAction": "Deny",
					"ipRules": []
				},
				"dnsEndpointType": "Standard",
				"encryption": {
					"keySource": "Microsoft.Storage",
					"services": {
						"blob": {
							"enabled": "true"
						},
						"file": {
							"enabled": "true"
						},
						"table": {
							"enabled": "true"
						},
						"queue": {
							"enabled": "true"
						}
					},
					"requireInfrastructureEncryption": "false"
				}
			},
			"dependsOn": [],
			"sku": {
				"name": "Standard_RAGRS"
			},
			"kind": "StorageV2",
			"tags": {}
		},
        {
            "type": "Microsoft.Storage/storageAccounts/blobServices",
            "apiVersion": "2019-06-01",
            "name": "[concat(variables('StorageAccountName'), '/default')]",
            "dependsOn": [
                "[resourceId('Microsoft.Storage/storageAccounts', tolower(variables('StorageAccountName')))]"
            ],
            "sku": {
                "name": "Standard_LRS",
                "tier": "Standard"
            },
            "properties": {
                "cors": {
                    "corsRules": []
                },
                "deleteRetentionPolicy": {
                    "enabled": false
                }
            }
        },
        {
            "type": "Microsoft.Storage/storageAccounts/fileServices",
            "apiVersion": "2019-06-01",
            "name": "[concat(variables('StorageAccountName'), '/default')]",
            "dependsOn": [
                "[resourceId('Microsoft.Storage/storageAccounts', tolower(variables('StorageAccountName')))]"
            ],
            "sku": {
                "name": "Standard_LRS",
                "tier": "Standard"
            },
            "properties": {
                "cors": {
                    "corsRules": []
                }
            }
        },
        {
            "type": "Microsoft.Web/sites",
            "apiVersion": "2018-11-01",
            "name": "[variables('FunctionName')]",
            "location": "[resourceGroup().location]",
            "dependsOn": [
                "[resourceId('Microsoft.Storage/storageAccounts', tolower(variables('StorageAccountName')))]",
                "[resourceId('Microsoft.Insights/components', variables('FunctionName'))]"
            ],
            "kind": "functionapp,linux",
            "identity": {
                "type": "SystemAssigned"
            },
            "properties": {
                "name": "[variables('FunctionName')]",
                "httpsOnly": true,
                "clientAffinityEnabled": true,
                "alwaysOn": true,
                "reserved": true,
                "siteConfig": {
                    "linuxFxVersion": "python|3.8"
                }
            },

            "resources": [
                {
                    "apiVersion": "2018-11-01",
                    "type": "config",
                    "name": "appsettings",
                    "dependsOn": [
                        "[concat('Microsoft.Web/sites/', variables('FunctionName'))]"
                    ],
                    "properties": {
                        "FUNCTIONS_EXTENSION_VERSION": "~3",
                        "FUNCTIONS_WORKER_RUNTIME": "python",
                        "APPINSIGHTS_INSTRUMENTATIONKEY": "[reference(resourceId('Microsoft.insights/components', variables('FunctionName')), '2015-05-01').InstrumentationKey]",
                        "APPLICATIONINSIGHTS_CONNECTION_STRING": "[reference(resourceId('microsoft.insights/components', variables('FunctionName')), '2015-05-01').ConnectionString]",
						"CONTAINER_NAME": "[parameters('AzureBlobStorageContainerName')]",
                        "AZURE_STORAGE_CONNECTION_STRING": "[parameters('AzureBlobStorageConnectionString')]",
                        "AzureWebJobsStorage": "[concat('DefaultEndpointsProtocol=https;AccountName=', toLower(variables('FunctionName')),';AccountKey=',listKeys(resourceId('Microsoft.Storage/storageAccounts', toLower(variables('StorageAccountName'))), '2019-06-01').keys[0].value, ';EndpointSuffix=',toLower(variables('StorageSuffix')))]",                      
                        "WORKSPACE_ID": "[parameters('MicrosoftSentinelWorkspaceId')]",
                        "SHARED_KEY": "[parameters('MicrosoftSentinelSharedKey')]",
                        "MAX_CONCURRENT_PROCESSING_FILES": "[parameters('SimultaneouslyProcessingFiles')]",
                        "MAX_BUCKET_SIZE": "[parameters('EventsBucketSize')]",
                        "logAnalyticsUri": "[variables('LogAnaltyicsUri')]",
                        "WEBSITE_RUN_FROM_PACKAGE": "https://github.com/sreedharande/AzureStorageAccountIngestionV2/blob/main/StorageAccountIngestionV2.zip?raw=true",
                        "LineSeparator": "[\\n\\r\\x0b\\v\\x0c\\f\\x1c\\x1d\\x85\\x1e\\u2028\\u2029]+",
						"Custom_Table_Name": "[parameters('CustomTableName')]",
						"Schedule": "[parameters('FunctionSchedule')]"
                    }
                }
            ]
        },
        {
            "type": "Microsoft.Storage/storageAccounts/blobServices/containers",
            "apiVersion": "2019-06-01",
            "name": "[concat(variables('StorageAccountName'), '/default/azure-webjobs-hosts')]",
            "dependsOn": [
                "[resourceId('Microsoft.Storage/storageAccounts/blobServices', variables('StorageAccountName'), 'default')]",
                "[resourceId('Microsoft.Storage/storageAccounts', variables('StorageAccountName'))]"
            ],
            "properties": {
                "publicAccess": "None"
            }
        },
        {
            "type": "Microsoft.Storage/storageAccounts/blobServices/containers",
            "apiVersion": "2019-06-01",
            "name": "[concat(variables('StorageAccountName'), '/default/azure-webjobs-secrets')]",
            "dependsOn": [
                "[resourceId('Microsoft.Storage/storageAccounts/blobServices', variables('StorageAccountName'), 'default')]",
                "[resourceId('Microsoft.Storage/storageAccounts', variables('StorageAccountName'))]"
            ],
            "properties": {
                "publicAccess": "None"
            }
        },
        {
            "type": "Microsoft.Storage/storageAccounts/fileServices/shares",
            "apiVersion": "2019-06-01",
            "name": "[concat(variables('StorageAccountName'), '/default/', tolower(variables('StorageAccountName')))]",
            "dependsOn": [
                "[resourceId('Microsoft.Storage/storageAccounts/fileServices', variables('StorageAccountName'), 'default')]",
                "[resourceId('Microsoft.Storage/storageAccounts', variables('StorageAccountName'))]"
            ],
            "properties": {
                "shareQuota": 5120
            }
        }
    ]
}
